{
  "mean_price": 2.582572448769749,
  "mean_profit_per_firm": 2845.8070078560704,
  "consumer_surplus_per_consumer": 2.1992705288326517,
  "total_welfare": 875734.8076451473
}