{
  "mean_price": 3.6662668155126723,
  "mean_profit_per_firm": 4513.44543353758,
  "consumer_surplus_per_consumer": 1.447488202989405,
  "total_welfare": 1368508.5120911682
}