{
  "mean_price": 2.4389658543849677,
  "mean_profit_per_firm": 3042.50397385093,
  "consumer_surplus_per_consumer": 2.4448879994180737,
  "total_welfare": 937200.0721494597
}