{
  "mean_price": 2.5970052555593695,
  "mean_profit_per_firm": 3015.6458429132654,
  "consumer_surplus_per_consumer": 2.177030450876175,
  "total_welfare": 926464.0573827412
}