{
  "mean_price": 2.763678944678274,
  "mean_profit_per_firm": 4788.130331222902,
  "consumer_surplus_per_consumer": 2.143723963832977,
  "total_welfare": 1457876.3390052004
}