{
  "mean_price": 2.5654645903601225,
  "mean_profit_per_firm": 3619.851089244233,
  "consumer_surplus_per_consumer": 2.226521279741486,
  "total_welfare": 1108220.539570685
}