{
  "mean_price": 3.388459084848107,
  "mean_profit_per_firm": 4575.253153331643,
  "consumer_surplus_per_consumer": 1.6899778450707017,
  "total_welfare": 1389475.7244501996
}