{
  "mean_price": 3.3797846926420423,
  "mean_profit_per_firm": 5442.301950179643,
  "consumer_surplus_per_consumer": 1.6947432325883989,
  "total_welfare": 1649638.017379777
}