{
  "mean_price": 3.0388664804121173,
  "mean_profit_per_firm": 4665.086423687847,
  "consumer_surplus_per_consumer": 1.9311932093759325,
  "total_welfare": 1418837.8592001132
}