{
  "mean_price": 2.9214880162868906,
  "mean_profit_per_firm": 4673.784737980531,
  "consumer_surplus_per_consumer": 2.0444159668289066,
  "total_welfare": 1422579.5810624484
}