{
  "mean_price": 3.422666715427418,
  "mean_profit_per_firm": 5438.085272875095,
  "consumer_surplus_per_consumer": 1.525885010009267,
  "total_welfare": 1646684.431962621
}