{
  "mean_price": 2.7088024400132706,
  "mean_profit_per_firm": 3896.944462328687,
  "consumer_surplus_per_consumer": 2.324705045308326,
  "total_welfare": 1192330.3891516894
}