{
  "mean_price": 2.499170048913587,
  "mean_profit_per_firm": 3888.1101892834267,
  "consumer_surplus_per_consumer": 2.3332852936282142,
  "total_welfare": 1189765.90972131
}