{
  "mean_price": 2.9748090146566777,
  "mean_profit_per_firm": 4721.103255833706,
  "consumer_surplus_per_consumer": 1.9669613349479713,
  "total_welfare": 1436000.5900995913
}