{
  "mean_price": 2.5935831890869174,
  "mean_profit_per_firm": 2324.9401354062265,
  "consumer_surplus_per_consumer": 2.1824171495183022,
  "total_welfare": 719306.212117051
}