{
  "mean_price": 2.5531958222241102,
  "mean_profit_per_firm": 4292.889779816124,
  "consumer_surplus_per_consumer": 2.2446941250651418,
  "total_welfare": 1310313.8751954886
}