{
  "mean_price": 3.3900655734108365,
  "mean_profit_per_firm": 4802.1370723181435,
  "consumer_surplus_per_consumer": 1.4889512841139987,
  "total_welfare": 1455530.6345365825
}