{
  "mean_price": 3.2999878364680666,
  "mean_profit_per_firm": 4573.047804590666,
  "consumer_surplus_per_consumer": 1.7597002099047803,
  "total_welfare": 1389511.3434762475
}