{
  "mean_price": 2.5182041421891648,
  "mean_profit_per_firm": 3994.173036940732,
  "consumer_surplus_per_consumer": 2.294309274272845,
  "total_welfare": 1221195.0038249479
}