{
  "mean_price": 3.11725480890431,
  "mean_profit_per_firm": 4694.041806516793,
  "consumer_surplus_per_consumer": 1.8676026091919795,
  "total_welfare": 1426888.5680469575
}