{
  "mean_price": 3.4472502165349463,
  "mean_profit_per_firm": 4535.860374063948,
  "consumer_surplus_per_consumer": 1.6280656378849323,
  "total_welfare": 1377038.7685980338
}