{
  "mean_price": 3.665185420387859,
  "mean_profit_per_firm": 3955.9532643506554,
  "consumer_surplus_per_consumer": 1.4486817423563605,
  "total_welfare": 1201272.7967287605
}