{
  "mean_price": 3.5524958475384087,
  "mean_profit_per_firm": 4678.502241919865,
  "consumer_surplus_per_consumer": 1.585999494352035,
  "total_welfare": 1419410.6675194798
}