{
  "mean_price": 2.0076615501829127,
  "mean_profit_per_firm": 1302.9608070074157,
  "consumer_surplus_per_consumer": 3.1212652540115444,
  "total_welfare": 422100.8946423403
}