{
  "mean_price": 3.3426602428687593,
  "mean_profit_per_firm": 4779.48846523384,
  "consumer_surplus_per_consumer": 1.548049627969333,
  "total_welfare": 1449327.0358498453
}