{
  "mean_price": 3.0918069427032275,
  "mean_profit_per_firm": 4536.802605858246,
  "consumer_surplus_per_consumer": 1.9756421232736077,
  "total_welfare": 1380797.20299021
}