{
  "mean_price": 2.9058919892537727,
  "mean_profit_per_firm": 4718.610335182525,
  "consumer_surplus_per_consumer": 2.0284899687079734,
  "total_welfare": 1435868.0002418372
}