{
  "mean_price": 2.5398153251860807,
  "mean_profit_per_firm": 3741.753197362768,
  "consumer_surplus_per_consumer": 2.267184336848662,
  "total_welfare": 1145197.802577317
}