{
  "mean_price": 3.0413949710613744,
  "mean_profit_per_firm": 4735.082409860119,
  "consumer_surplus_per_consumer": 1.879715972509929,
  "total_welfare": 1439321.882683135
}