{
  "mean_price": 2.82011305693764,
  "mean_profit_per_firm": 4834.943427013889,
  "consumer_surplus_per_consumer": 2.0339086237624344,
  "total_welfare": 1470822.1143417913
}