{
  "mean_price": 2.562066623214972,
  "mean_profit_per_firm": 3785.4607645835094,
  "consumer_surplus_per_consumer": 2.231760286240392,
  "total_welfare": 1157955.8322374567
}