{
  "mean_price": 2.4792904850700546,
  "mean_profit_per_firm": 4254.6435259307445,
  "consumer_surplus_per_consumer": 2.334436838893322,
  "total_welfare": 1299737.4261681566
}